item,oaid,paper_title,patent,patent_title,patent_assignee,confscore,wherefound,plausible,note
1,2740471031,When does a compliment become sexist? Analysis and classification of ambivalent sexism using twitter data,us-10885279-b2,Determining states of content characteristics of electronic communications,"Microsoft Technology Licensing, LLC",10,frontonly,,
2,2164079290,Design of a Knowledge-Based Report Generator,us-11182556-b1,Applied artificial intelligence technology for building a knowledge base using natural language processing,Narrative Science Inc.,9,frontonly,,
3,2250539671,GloVe: Global Vectors for Word Representation,us-10776581-b2,Multitask learning as question answering,"salesforce.com, inc.",10,frontonly,,
4,2104246439,Improved Semantic Representations From Tree-Structured Long Short-Term Memory Networks,us-10489498-b2,Digital document update,Adobe Inc.,10,frontonly,,
5,2271328876,Learning Distributed Representations of Sentences from Unlabelled Data,us-10789284-b2,System and method for associating textual summaries with content media,"FUJI XEROX CO., LTD.",10,frontonly,,
6,2289899728,Recurrent Neural Network Grammars,us-11042554-b1,Generating compositional natural language by assistant systems,"Facebook, Inc.",9,frontonly,,
7,2783513277,Discovering Rhetoric Agreement between a Request and Response,us-11373632-b2,Using communicative discourse trees to create a virtual persuasive dialogue,Oracle International Corporation,10,frontonly,,
8,2950725899,Interpretable Question Answering on Knowledge Bases and Text,us-11544470-b2,Efficient determination of user intent for natural language expressions based on machine learning,"salesforce.com, inc.",10,frontonly,,
9,1503259811,Retrofitting Word Vectors to Semantic Lexicons,us-11341333-b2,Natural language sentence generation for radiology,Siemens Healthcare GmbH,10,frontonly,,
10,2095627528,Practical Issues in Automatic Documentation Generation,us-10755053-b1,Applied artificial intelligence technology for story outline formation using composable communication goals to support natural language generation (NLG),Narrative Science Inc.,9,frontonly,,
11,2121974041,Transportable Natural-Language Interfaces to Databases,us-10186254-b2, Context-based endpoint detection,Apple Inc.,10,frontonly,,
12,2409591106,Key-Value Memory Networks for Directly Reading Documents,us-11620838-b2,Systems and methods for answering region specific questions,"UATC, LLC",10,frontonly,,
13,2250969425,Motivating Personality-aware Machine Translation,us-10049103-b2, Author personality trait recognition from short texts with a deep compositional &hellip;,Xerox Corporation,10,both,,
14,2740765036,Deep Semantic Role Labeling: What Works and What’s Next,us-11182682-b2,System for extracting semantic triples for building a knowledge base,Babylon Partners Limited,5,frontonly,,
15,2156985047,A Systematic Comparison of Various Statistical Alignment Models,us-10204099-b2,Systems and methods for multi-user multi-lingual communications,"MZ IP Holdings, LLC",10,frontonly,,
16,2787560479,Deep Contextualized Word Representations,us-11526676-b2,Implicit discourse relation classification with contextualized word representation,NAVER CORPORATION,7,frontonly,,
17,2157331557,Learning Phrase Representations using RNN Encoder–Decoder for Statistical Machine Translation,us-10909329-b2,Multilingual image question answering,"Baidu USA, LLC",10,frontonly,,
18,2163514362,Part-of-Speech Induction From Scratch,us-10101822-b2, Language input correction,Apple Inc.,9,frontonly,,
19,2594990650,Massive Exploration of Neural Machine Translation Architectures,us-11113602-b2,Attention-based sequence transduction neural networks,Google LLC,10,frontonly,,
20,2157331557,Learning Phrase Representations using RNN Encoder–Decoder for Statistical Machine Translation,us-10169656-b2, Video system using dual stage attention based recurrent neural network for &hellip;,Nec Corporation,10,frontonly,,
21,2308720496,A Fast Unified Model for Parsing and Sentence Understanding,us-10970475-b2,Method and system for suggesting revisions to an electronic document,"BLACKBOILER, INC.",10,frontonly,,
22,2134353544,Integrating Multiple Knowledge Sources for Detection and Correction of Repairs in Human-Computer Dialog,us-10079014-b2, Name recognition system,Apple Inc.,10,frontonly,,
23,2134353544,Integrating Multiple Knowledge Sources for Detection and Correction of Repairs in Human-Computer Dialog,us-10475446-b2,Using context information to facilitate processing of commands in a virtual assistant,Apple Inc.,10,frontonly,,
24,2973034686,Neural Word Decomposition Models for Abusive Language Detection,us-11295088-b2,Sanitizing word predictions,Apple Inc.,10,frontonly,,
25,2102571217,Quantifier Scoping in the SRI Core Language Engine,us-10083690-b2, Better resolution when referencing to concepts,Apple Inc.,10,frontonly,,
26,2250539671,GloVe: Global Vectors for Word Representation,us-11051739-b2,Neural mapping,INTERNATIONAL BUSINESS MACHINES CORPORATION,10,frontonly,,
27,2612953412,Supervised Learning of Universal Sentence Representations from Natural Language Inference Data,us-11532306-b2,Detecting a trigger of a digital assistant,Apple Inc.,10,frontonly,,
28,2134353544,Integrating Multiple Knowledge Sources for Detection and Correction of Repairs in Human-Computer Dialog,us-10067938-b2, Multilingual word prediction,Apple Inc.,10,frontonly,,
29,2131073441,Automated Determination of Sublanguage Syntactic Usage,us-10223349-b2,Inducing and applying a subject-targeted context free grammar,"Microsoft Technology Licensing, LLC",10,frontonly,,
30,2134353544,Integrating Multiple Knowledge Sources for Detection and Correction of Repairs in Human-Computer Dialog,us-10496753-b2,Automatically adapting user interfaces for hands-free interaction,APPLE INC.,10,frontonly,,
31,2963748441,"SQuAD: 100,000+ Questions for Machine Comprehension of Text",us-11595342-b1,***WITHDRAWN PATENT AS PER THE LATEST USPTO WITHDRAWN LIST***Personalized conversational recommendations by assistant systems,"Meta Platforms, Inc.",10,frontonly,,
32,2251676919,How to make words with vectors: Phrase generation in distributional semantics,us-11132506-b2,System and method for segmenting a sentence,"BEIJING DIDI INFINITY TECHNOLOGY AND DEVELOPMENT CO., LTD.",10,frontonly,,
33,2134353544,Integrating Multiple Knowledge Sources for Detection and Correction of Repairs in Human-Computer Dialog,us-10089072-b2, Intelligent device arbitration and control,Apple Inc.,10,frontonly,,
34,2102571217,Quantifier Scoping in the SRI Core Language Engine,us-10067938-b2, Multilingual word prediction,Apple Inc.,10,frontonly,,
35,2149557440,Grounded Compositional Semantics for Finding and Describing Images with Sentences,us-10699060-b2,Natural language processing using a neural network,"salesforce.com, inc.",10,frontonly,,
36,1938708284,Image Representations and New Domains in Neural Image Captioning,us-10102454-b2, Image classification utilizing semantic relationships in a classification &hellip;,International Business Machines Corporation,10,frontonly,,
37,2513276162,Learning Word Importance with the Neural Bag-of-Words Model,us-10832003-b2,Method and system for intent classification,"CloudMinds Technology, Inc.",10,bodyonly,,
38,2123442489,The Stanford CoreNLP Natural Language Processing Toolkit,us-10665030-b1,Visualizing natural language through 3D scenes in augmented reality,Adobe Inc.,10,frontonly,,
39,2250539671,GloVe: Global Vectors for Word Representation,us-10147036-b2, Analyzing concepts over time,International Business Machines Corporation,8,frontonly,,
40,2581637843,Adversarial Learning for Neural Dialogue Generation,us-11151334-b2,Systems and methods for multilingual text generation field,"HUAWEI TECHNOLOGIES CO., LTD.",5,frontonly,,
41,2187239298,Using Pivot-Based Paraphrasing and Sentiment Profiles to Improve a Subjectivity Lexicon for Essay Data,us-10515153-b2,Systems and methods for automatically assessing constructed recommendations based on sentiment and specificity measures,Educational Testing Service,10,bodyonly,,
42,2517161177,One for All: Towards Language Independent Named Entity Linking,us-10909319-b2,"Entity linking method, electronic device for performing entity linking, and non-transitory computer-readable recording medium","Ricoh Company, Ltd.",10,frontonly,,
43,2136480620,Verb Semantics and Lexical Selection,us-10909329-b2,Multilingual image question answering,"Baidu USA, LLC",10,frontonly,,
44,2251771443,Dependency-Based Word Embeddings,us-10713323-b2,Analyzing concepts over time,International Business Machines Corporation,10,frontonly,,
45,2121974041,Transportable Natural-Language Interfaces to Databases,us-10475446-b2,Using context information to facilitate processing of commands in a virtual assistant,Apple Inc.,10,frontonly,,
46,2166675302,Discovering the Lexical Features of a Language,us-10140288-b2, Processing text with domain-specific spreading activation methods,Children's Hospital Medical Center,10,frontonly,,
47,2566358525,Towards a dialogue system that supports rich visualizations of data,us-10795902-b1,Applying natural language pragmatics in a data visualization user interface,"Tableau Software, Inc.",8,frontonly,,
48,2180877453,Last Words: Computational Linguistics and Deep Learning,us-10049103-b2, Author personality trait recognition from short texts with a deep compositional &hellip;,Xerox Corporation,10,frontonly,,
49,2413794162,A Decomposable Attention Model for Natural Language Inference,us-11526678-b2,Attention over common-sense network for natural language inference,NAVER CORPORATION,9,frontonly,,
50,2096765155,Incorporating Non-local Information into Information Extraction Systems by Gibbs Sampling,us-10146773-b2, Systems and methods for multi-user mutli-lingual communications,"Mz Ip Holdings, Llc",10,frontonly,,
